term, count
the, 227
iran, 107
of, 103
to, 100
and, 93
that, 88
's, 64
in, 52
is, 48
for, 48
nuclear, 43
it, 42
you, 41
deal, 40
be, 36
israel, 34
we, 34
with, 31
this, 30
n't, 27
not, 27
but, 27
would, 24
on, 24
will, 23
--, 20
its, 18
by, 18
my, 17
world, 17
has, 17
people, 17
more, 16
could, 16
have, 16
if, 16
know, 16
now, 15
our, 15
america, 15
do, 15
jewish, 15
all, 14
better, 14
when, 14
can, 13
thank, 13
are, 13
an, 13
time, 13
change, 12
they, 12
no, 12
us, 12
as, 12
regime, 12
even, 11
program, 11
so, 11
bomb, 11
years, 10
one, 10
weapons, 10
been, 10
because, 10
at, 10
who, 9
only, 9
restrictions, 9
middle, 9
some, 9
about, 9
east, 9
he, 9
aggression, 8
today, 8
president, 8
inspectors, 8
why, 8
country, 8
like, 8
stand, 8
up, 8
very, 7
what, 7
here, 7
path, 7
must, 7
may, 7
them, 7
year, 7
bad, 7
last, 7
those, 7
many, 7
does, 7
leader, 7
or, 7
're, 7
again, 7
friends, 7
from, 6
states, 6
before, 6
always, 6
american, 6
first, 6
there, 6
than, 6
future, 6
thousands, 6
get, 6
stop, 6
much, 6
life, 6
just, 6
your, 6
was, 6
centrifuges, 6
``, 6
'', 6
'll, 6
, 5
neighbors, 5
korea, 5
second, 5
two, 5
want, 5
united, 5
lifted, 5
major, 5
done, 5
were, 5
any, 5
also, 5
decade, 5
should, 5
hope, 5
state, 5
ca, 5
make, 5
terrorism, 5
break-out, 5
well, 5
without, 5
uranium, 5
back, 5
isis, 5
right, 5
support, 5
north, 5
peace, 5
facilities, 4
vast, 4
entire, 4
prevent, 4
while, 4
never, 4
let, 4
infrastructure, 4
known, 4
history, 4
give, 4
concession, 4
good, 4
defend, 4
arsenal, 4
anyone, 4
militant, 4
which, 4
face, 4
enemy, 4
bombs, 4
see, 4
said, 4
between, 4
come, 4
region, 4
minister, 4
behavior, 4
less, 4
being, 4
alternative, 4
've, 4
down, 4
war, 4
sanctions, 4
grateful, 3
appetite, 3
terror, 3
difference, 3
leave, 3
harry, 3
deeply, 3
zealots, 3
told, 3
great, 3
military, 3
standing, 3
missile, 3
after, 3
islamic, 3
short, 3
tweets, 3
greater, 3
house, 3
persian, 3
revolutionary, 3
radical, 3
their, 3
too, 3
friend, 3
part, 3
believe, 3
obama, 3
nations, 3
matter, 3
say, 3
need, 3
destroy, 3
most, 3
elie, 3
true, 3
moses, 3
his, 3
prime, 3
best, 3
capacity, 3
wo, 3
islam, 3
dome, 3
both, 3
against, 3
senator, 3
three, 3
lead, 3
terrorist, 3
shorter, 3
document, 3
week, 3
off, 3
left, 3
read, 3
security, 3
jews, 3
home, 3
refuses, 3
into, 3
arms, 3
dangerous, 3
insist, 3
problem, 3
happen, 3
calls, 3
international, 3
four, 2
jihad, 2
oldest, 2
children, 2
under, 2
un, 2
road, 2
worse, 2
rouhani, 2
shock, 2
says, 2
resolute, 2
battle, 2
concessions, 2
assistance, 2
above, 2
ever, 2
supporting, 2
pursuit, 2
alone, 2
iraq, 2
hormuz, 2
36, 2
women, 2
danger, 2
merely, 2
hamas, 2
armed, 2
plot, 2
ayatollah, 2
live, 2
enriched, 2
themselves, 2
broke, 2
me, 2
keeping, 2
signed, 2
work, 2
guards, 2
itself, 2
freedom, 2
control, 2
share, 2
esther, 2
guarantee, 2
how, 2
economy, 2
long, 2
dc, 2
lifting, 2
third, 2
over, 2
embassy, 2
including, 2
same, 2
still, 2
gentlemen, 2
iaea, 2
destroyed, 2
weeks, 2
2010, 2
then, 2
bless, 2
did, 2
each, 2
farewell, 2
sponsor, 2
minority, 2
god, 2
cameras, 2
mughniyeh, 2
million, 2
given, 2
free, 2
days, 2
creates, 2
turn, 2
place, 2
massive, 2
threat, 2
think, 2
strategic, 2
least, 2
another, 2
message, 2
ancient, 2
caught, 2
threatening, 2
ballistic, 2
john, 2
lot, 2
exactly, 2
took, 2
wet, 2
aggressive, 2
iron, 2
zarif, 2
expires, 2
potential, 2
build, 2
beirut, 2
grave, 2
especially, 2
soldiers, 2
enough, 2
founding, 2
gobbling, 2
dread, 2
soon, 2
him, 2
countries, 2
twice, 2
common, 2
through, 2
respond, 2
intelligence, 2
israeli, 2
destiny, 2
away, 2
neither, 2
religious, 2
among, 2
community, 2
table, 2
100, 2
speak, 2
blink, 2
strong, 2
political, 2
secret, 2
easy, 2
imad, 2
190000, 2
fund, 2
moderation, 2
understand, 2
promised, 2
helped, 2
straits, 2
threatens, 2
virtually, 2
widely, 2
difficult, 2
oil, 2
disagree, 2
summer, 2
yet, 2
death, 2
majority, 2
had, 2
other, 2
gave, 2
real, 2
around, 2
dark, 2
game, 2
nor, 2
immediately, 2
advanced, 2
imposed, 2
facing, 2
global, 2
empire, 2
thinks, 2
enemies, 2
normal, 2
power, 2
pressure, 2
murdered, 2
eye, 2
anything, 2
attacks, 2
fear, 2
hatred, 2
ladies, 2
within, 2
washington, 2
promise, 2
story, 2
question, 2
nuclear-armed, 2
land, 2
know-how, 2
stake, 2
called, 2
supreme, 2
certain, 2
politics, 2
ourselves, 2
intercontinental, 2
out, 2
mock, 2
congress, 2
'm, 2
christians, 2
ago, 2
faster, 2
together, 2
having, 2
once, 2
consider, 1
remarkable, 1
maiming, 1
concern, 1
talks, 1
follow, 1
saved, 1
issues, 1
hijacked, 1
whose, 1
founder, 1
everything, 1
weapons-grade, 1
tripwires, 1
boundless, 1
spirit, 1
countdown, 1
nasrallah, 1
present, 1
sovereignty, 1
pledges, 1
woman, 1
scattered, 1
void, 1
continues, 1
every, 1
assad, 1
trouble, 1
courageous, 1
annihilated, 1
prize, 1
dictatorship, 1
prisoners, 1
khomeini, 1
tinderbox, 1
race, 1
saudi, 1
small, 1
enjoy, 1
revolution, 1
tem, 1
inevitably, 1
frost, 1
cash, 1
past, 1
earth, 1
targets, 1
plays, 1
constitution, 1
liberty, 1
current, 1
ahead, 1
capital, 1
new, 1
unrestricted, 1
public, 1
nazis, 1
body, 1
kicked, 1
persecutes, 1
hundreds, 1
water, 1
purim, 1
along, 1
skirmishes, 1
survivor, 1
leaves, 1
brutal, 1
controversy, 1
defeat, 1
usually, 1
makes, 1
inspires, 1
plotted, 1
unshackled, 1
named, 1
presidents, 1
africa, 1
ask, 1
haman, 1
resolutions, 1
confidence, 1
takes, 1
crown, 1
abroad, 1
few, 1
call, 1
assessment, 1
tell, 1
sharing, 1
kerry, 1
journalists, 1
undeclared, 1
wars, 1
opposing, 1
israelis, 1
leaders, 1
keeps, 1
ii, 1
include, 1
join, 1
rights, 1
remain, 1
fulfill, 1
yemen, 1
collapsing, 1
carmel, 1
civilizations, 1
viceroy, 1
thing, 1
locks, 1
arise, 1
wonderful, 1
times, 1
information, 1
jails, 1
sit, 1
plans, 1
means, 1
someone, 1
delay, 1
vital, 1
forest, 1
buenos, 1
instead, 1
ignore, 1
charging, 1
gamble, 1
product, 1
tried, 1
charms, 1
huge, 1
sacrifice, 1
missiles, 1
blood, 1
bluff, 1
coming, 1
gates, 1
foremost, 1
man, 1
succumb, 1
chasing, 1
remember, 1
occasions, 1
appreciate, 1
chief, 1
breakout, 1
nancy, 1
things, 1
hassan, 1
democratic, 1
exhorted, 1
proposal, 1
embassies, 1
seizing, 1
mission, 1
negotiated, 1
vulnerable, 1
acknowledge, 1
defies, 1
hezbollah, 1
facility, 1
racecar, 1
damascus, 1
choose, 1
speaker, 1
holiday, 1
2011, 1
2013, 1
thrones, 1
enrich, 1
nation, 1
insisting, 1
killed, 1
maintaining, 1
possess, 1
osama, 1
gets, 1
hide-and-cheat, 1
profound, 1
slavery, 1
boehner, 1
rockets, 1
americans, 1
side, 1
heavy, 1
everyone, 1
stronger, 1
used, 1
challenges, 1
operation, 1
truman, 1
dominates, 1
network, 1
littered, 1
crucial, 1
islamist, 1
mccarthy, 1
laid, 1
internet, 1
got, 1
issue, 1
red, 1
centrifuge, 1
shut, 1
existed, 1
siege, 1
driver, 1
surely, 1
proxy, 1
besides, 1
backed, 1
consequences, 1
obligation, 1
business, 1
inevitable, 1
aisle, 1
allies, 1
argument, 1
impose, 1
put, 1
keep, 1
loud, 1
'd, 1
rooted, 1
feel, 1
powerful, 1
feet, 1
spinning, 1
such, 1
tomorrow, 1
millions, 1
legislative, 1
guess, 1
service, 1
powerless, 1
paves, 1
hangs, 1
heights, 1
however, 1
overlooking, 1
final, 1
listen, 1
crisscrossed, 1
big, 1
negotiating, 1
western, 1
tehran, 1
attempt, 1
10, 1
unfortunately, 1
corners, 1
largely, 1
knives, 1
supposed, 1
gays, 1
marines, 1
powers, 1
bet, 1
paths, 1
remained, 1
pro, 1
turned, 1
head, 1
well-, 1
violating, 1
rampaging, 1
foiled, 1
seem, 1
nazi, 1
kevin, 1
car, 1
prosperity, 1
strength, 1
proliferation, 1
inspections, 1
laden, 1
4000, 1
responsible, 1
erased, 1
demolished, 1
hatch, 1
golan, 1
greatest, 1
urge, 1
sure, 1
afghanistan, 1
price, 1
mouth, 1
aires, 1
stands, 1
surprising, 1
lessons, 1
clear, 1
gather, 1
request, 1
drive, 1
lots, 1
agencies, 1
clean, 1
nightmare, 1
inexorably, 1
automatically, 1
ambassador, 1
agreed, 1
queen, 1
interceptors, 1
responsibility, 1
bring, 1
democrats, 1
choke-point, 1
fooled, 1
qom, 1
longer, 1
touches, 1
busy, 1
proposed, 1
6000, 1
clutching, 1
explain, 1
winner, 1
moments, 1
satan, 1
pretty, 1
fuel, 1
hostage, 1
perceive, 1
goons, 1
baghdad, 1
courage, 1
nearly, 1
words, 1
competing, 1
during, 1
resolve, 1
racing, 1
unbridled, 1
qaida, 1
reid, 1
mistakes, 1
wish, 1
adherence, 1
where, 1
sanaa, 1
generations, 1
secretary, 1
blew, 1
temporarily, 1
accepted, 1
drafted, 1
followers, 1
ends, 1
stopped, 1
defense, 1
sea, 1
led, 1
crossroads, 1
subject, 1
mitch, 1
placed, 1
ways, 1
illusory, 1
unchecked, 1
protected, 1
captured, 1
cooperation, 1
marriage, 1
across, 1
wiesel, 1
shiite, 1
men, 1
nature, 1
legitimacy, 1
deliver, 1
mastermind, 1
killing, 1
wreath, 1
aircraft, 1
devour, 1
20, 1
spark, 1
regret, 1
protect, 1
providing, 1
talented, 1
treated, 1
according, 1
foreign, 1
sensitive, 1
passing, 1
comes, 1
peacefully, 1
diplomats, 1
supply, 1
way, 1
promises, 1
walk, 1
60, 1
na, 1
tons, 1
capabilities, 1
butcher, 1
leads, 1
throughout, 1
horrific, 1
asks, 1
holocaust, 1
gaza, 1
threaten, 1
borders, 1
dozens, 1
far-reach, 1
wants, 1
tyranny, 1
fire, 1
republicans, 1
essentially, 1
al, 1
dramatic, 1
demand, 1
kicks, 1
installation, 1
google, 1
houthis, 1
former, 1
pilot, 1
horrors, 1
save, 1
disconnected, 1
anti-israel, 1
developing, 1
these, 1
might, 1
single, 1
executes, 1
act, 1
near, 1
aid, 1
bin, 1
robert, 1
enriching, 1
leaving, 1
technology, 1
trusted, 1
confirmed, 1
amount, 1
heirs, 1
spews, 1
speech, 1
2005, 1
grows, 1
hopes, 1
yesterday, 1
attempted, 1
moment, 1
opportunity, 1
recent, 1
relies, 1
arab, 1
center, 1
1979, 1
fully, 1
changes, 1
english, 1
19000, 1
steeled, 1
agency, 1
newest, 1
cries, 1
openly, 1
fateful, 1
human, 1
happiness, 1
generous, 1
murderous, 1
legitimately, 1
mcconnell, 1
barack, 1
source, 1
gon, 1
collapse, 1
win, 1
violations, 1
humanity, 1
march, 1
government, 1
ruler, 1
survival, 1
quest, 1
five, 1
traveled, 1
poses, 1
assassinate, 1
defied, 1
desire, 1
exercise, 1
capitals, 1
chamber, 1
night, 1
become, 1
seeks, 1
creed, 1
urgent, 1
repeat, 1
export, 1
lackeys, 1
intact, 1
happens, 1
provided, 1
slaughtering, 1
literally, 1
decision, 1
potentate, 1
anti-semitism, 1
subjugation, 1
nuclearized, 1
blowing, 1
medieval, 1
lose, 1
voracious, 1
expire, 1
passive, 1
bazaar, 1
hiding, 1
operating, 1
carried, 1
spilled, 1
meaning, 1
rolled, 1
ideology, 1
carrier, 1
supervised, 1
cherish, 1
own, 1
entered, 1
muslims, 1
plan, 1
lands, 1
terrorists, 1
watchdog, 1
nobel, 1
often, 1
warned, 1
pelosi, 1
exposed, 1
tentacles, 1
stark, 1
gallery, 1
intention, 1
trigger, 1
fraction, 1
cairo, 1
well-beyond, 1
mountains, 1
amass, 1
offer, 1
lebanon, 1
dangers, 1
removes, 1
genocidal, 1
khamenei, 1
repeatedly, 1
learned, 1
alliance, 1
removed, 1
syrians, 1
directed, 1
absent, 1
curtail, 1
humbled, 1
annihilate, 1
full, 1
until, 1
planet, 1
record, 1
plutonium, 1
regimes, 1
natanz, 1
block, 1
strengthening, 1
proven, 1
fly, 1
beyond, 1
orrin, 1
deadly, 1
whereas, 1
book, 1
republic, 1
long-time, 1
ambitions, 1
2500, 1
gaining, 1
elements, 1
separate, 1
knew, 1
ideological, 1
prepared, 1
chance, 1
important, 1
militias, 1
youtube, 1
conquest, 1
2006, 1
image, 1
far, 1
israel's, 1
restored, 1
