term,count
israel,122
iran,119
peace,116
nuclear,54
people,51
must,46
jewish,41
deal,40
time,39
world,38
east,36
state,36
america,35
middle,35
would,34
could,33
states,32
united,31
palestinian,30
know,29
us,28
thank,26
want,25
one,24
president,23
years,23
means,21
better,20
believe,20
every,19
make,19
say,19
weapons,18
democracy,18
today,17
future,17
even,16
regime,16
change,16
right,15
first,15
free,14
country,14
stand,14
see,14
last,14
great,14
well,14
freedom,14
friends,14
security,13
'',13
``,13
may,13
region,13
always,13
program,13
also,13
never,12
path,12
end,12
bomb,12
said,12
much,12
think,12
israeli,12
jews,12
history,12
american,12
like,12
aggression,11
give,11
arab,11
live,11
city,11
many,11
without,11
two,11
economic,11
less,11
second,10
rights,10
palestinians,10
support,10
way,10
neighbors,10
jerusalem,10
clear,10
land,10
new,9
god,9
stop,9
three,9
life,9
'm,9
year,9
come,9
century,9
restrictions,9
terrorism,9
leader,9
hamas,8
democratic,8
inspectors,8
human,8
attacks,8
terror,8
prevent,8
hope,8
economy,8
prime,8
children,8
islam,8
militant,8
throughout,8
conflict,8
greater,8
defend,8
put,8
terrorist,8
liberty,7
military,7
bad,7
best,7
tyranny,7
yet,7
war,7
effort,7
vital,7
given,7
get,7
enough,7
minister,7
good,7
deeply,7
committed,7
build,7
recent,7
1967,7
quest,7
continue,7
ago,7
young,7
led,7
sanctions,7
need,7
dangerous,7
ca,7
congress,7
mr,6
got,6
nations,6
strength,6
citizens,6
true,6
centrifuges,6
together,6
grateful,6
international,6
remember,6
million,6
anyone,6
friend,6
going,6
among,6
real,6
lebanon,6
stood,6
share,6
short,6
bless,6
major,6
done,6
jordan,6
obama,6
common,6
peoples,6
back,6
agreement,6
terrorists,6
long,6
power,6
decade,6
thousands,6
speaker,6
generous,6
lead,6
promise,6
north,6
understand,6
,5
vast,5
mean,5
days,5
another,5
forces,5
shall,5
countries,5
men,5
speak,5
easy,5
isis,5
happen,5
tehran,5
take,5
begin,5
nearly,5
un,5
insist,5
borders,5
around,5
lifted,5
lot,5
house,5
regimes,5
important,5
calls,5
known,5
beyond,5
members,5
relationship,5
part,5
enemy,5
korea,5
political,5
break-out,5
uranium,5
prepared,5
entire,5
capital,5
let,5
danger,5
reciprocity,5
women,5
process,5
something,5
day,5
strategic,5
face,5
partners,5
based,5
words,5
neither,5
agreements,5
government,5
problem,5
facilities,4
enjoy,4
told,4
pursuit,4
arms,4
size,4
oppose,4
pillars,4
greatest,4
advanced,4
desire,4
soon,4
fight,4
inside,4
negotiations,4
governments,4
standards,4
assistance,4
islamic,4
still,4
nation,4
care,4
tomorrow,4
bombs,4
infrastructure,4
threatens,4
gentlemen,4
facing,4
ladies,4
building,4
follow,4
far,4
iraq,4
accept,4
threat,4
arsenal,4
negotiating,4
long-term,4
community,4
behavior,4
virtually,4
alternative,4
pillar,4
hopes,4
body,4
missile,4
israelis,4
six,4
negotiated,4
truth,4
able,4
achieve,4
table,4
gaza,4
policy,4
helped,4
arrangements,4
partner,4
historic,4
lost,4
authority,4
home,4
concession,4
washington,4
recognize,4
christians,4
four,3
appetite,3
whose,3
force,3
leaders,3
ever,3
permit,3
tell,3
holy,3
grief,3
join,3
work,3
guarantee,3
third,3
appreciate,3
hezbollah,3
side,3
eternal,3
negotiate,3
already,3
took,3
matter,3
modern,3
laden,3
grave,3
saying,3
earth,3
societies,3
twice,3
subject,3
capacity,3
away,3
wo,3
received,3
protect,3
tough,3
straits,3
experience,3
hebrew,3
independent,3
opportunity,3
left,3
unique,3
gave,3
multiple,3
efforts,3
promised,3
'd,3
diplomacy,3
battle,3
sovereignty,3
choice,3
word,3
leave,3
says,3
alone,3
along,3
merely,3
market,3
ayatollah,3
abbas,3
everywhere,3
heart,3
stability,3
presence,3
tweets,3
decades,3
half,3
killed,3
persian,3
turn,3
place,3
message,3
open,3
destroy,3
price,3
ways,3
dome,3
cities,3
senator,3
stretched,3
wants,3
developing,3
different,3
missiles,3
document,3
week,3
read,3
chamber,3
self-reliance,3
violence,3
act,3
lasting,3
nuclear-armed,3
deterrence,3
politics,3
worse,3
difference,3
harry,3
small,3
zealots,3
respect,3
africa,3
armed,3
knows,3
town,3
remain,3
coming,3
dream,3
idea,3
since,3
issue,3
disagree,3
imagine,3
ask,3
revolutionary,3
radical,3
least,3
compromise,3
majority,3
reach,3
nothing,3
stands,3
find,3
moses,3
express,3
achieved,3
defense,3
secret,3
lives,3
demand,3
holocaust,3
shorter,3
used,3
homeland,3
bin,3
big,3
imposed,3
absolutely,3
refuses,3
anything,3
question,3
egypt,3
presidents,3
standing,3
challenge,3
sit,3
lines,3
elie,3
including,3
choose,3
front,3
rockets,3
times,3
powerful,3
ancient,3
final,3
democratization,3
defending,3
border,3
agenda,3
consequences,3
fact,3
bring,3
areas,3
national,3
latin,3
fearful,3
deregulation,3
difficult,3
mutual,3
destruction,3
fully,3
become,3
murdered,3
commitment,3
places,3
jihad,2
oldest,2
saved,2
rise,2
courageous,2
solution,2
charter,2
hostile,2
succumb,2
seeks,2
hundreds,2
100,2
shriek,2
changes,2
brought,2
moral,2
total,2
plot,2
call,2
wars,2
berlin,2
root,2
quarrel,2
esther,2
thing,2
minority,2
demanding,2
attempt,2
iaea,2
personal,2
destroyed,2
weeks,2
overcome,2
eventually,2
blink,2
signing,2
genocidal,2
cameras,2
crucial,2
disagreements,2
mughniyeh,2
disputes,2
creates,2
reciprocal,2
ballistic,2
john,2
western,2
iron,2
paved,2
seen,2
seek,2
responsible,2
flow,2
dc,2
foremost,2
tribute,2
respond,2
fail,2
protected,2
however,2
strong,2
condemned,2
basic,2
prosperous,2
190000,2
publicly,2
aid,2
anchor,2
democracies,2
hand,2
faiths,2
kept,2
1979,2
game,2
survival,2
dignity,2
honored,2
creed,2
successfully,2
enemies,2
establish,2
pro-american,2
shifting,2
cherish,2
old,2
reducing,2
existed,2
head,2
congratulations,2
despotism,2
shmona,2
plan,2
stake,2
unwilling,2
intend,2
welcome,2
remarkable,2
finally,2
round,2
revolution,2
regret,2
afghanistan,2
guardian,2
brilliant,2
shift,2
car,2
quoting,2
unwavering,2
divided,2
mankind,2
lifting,2
talk,2
course,2
worship,2
realistic,2
boehner,2
fired,2
cairo,2
farewell,2
sponsor,2
begun,2
ultimately,2
squares,2
viable,2
possibility,2
quite,2
inevitable,2
impose,2
massive,2
americans,2
millions,2
caught,2
beltway,2
10,2
folly,2
crossroads,2
saw,2
prosperity,2
potential,2
beirut,2
pain,2
normal,2
knew,2
successive,2
especially,2
supporting,2
proud,2
drive,2
laws,2
walking,2
far-reaching,2
bright,2
aggressive,2
ground,2
enriched,2
outrage,2
truly,2
yield,2
vision,2
across,2
killing,2
60,2
strengthening,2
dramatic,2
spirit,2
case,2
policies,2
return,2
oil,2
running,2
largely,2
fateful,2
death,2
role,2
dark,2
either,2
thinks,2
immigrate,2
central,2
road,2
protests,2
peaceful,2
know-how,2
arabs,2
eliot,2
intercontinental,2
briefly,2
divide,2
wife,2
faster,2
religious,2
former,2
woman,2
rouhani,2
streets,2
witnessed,2
learned,2
public,2
amount,2
action,2
backed,2
eye,2
broke,2
keeping,2
guards,2
hormuz,2
civilizations,2
information,2
goal,2
unshakable,2
dread,2
banks,2
distortion,2
embassy,2
pray,2
might,2
bigger,2
stopped,2
status,2
resolute,2
operation,2
hill,2
belief,2
story,2
proxy,2
beginning,2
jew,2
terrible,2
syria,2
traveled,2
guess,2
threatening,2
passed,2
mainstay,2
option,2
immediate,2
convinced,2
determined,2
strengthen,2
alongside,2
alike,2
accepting,2
summer,2
obligations,2
justice,2
founding,2
courage,2
resolve,2
remove,2
intelligence,2
representatives,2
burned,2
succeed,2
opposition,2
powers,2
foreign,2
whole,2
simply,2
persecuted,2
responsibility,2
imad,2
else,2
fund,2
moderation,2
independence,2
pact,2
look,2
admire,2
pack,2
ready,2
widely,2
yesterday,2
moment,2
prevention,2
settlements,2
cut,2
source,2
unstable,2
global,2
civilization,2
300,2
troops,2
goods,2
hatred,2
clinton,2
within,2
osama,2
canal,2
repeatedly,2
tragically,2
directed,2
planet,2
similar,2
called,2
single,2
forge,2
mock,2
vice,2
results,2
issues,2
send,2
shock,2
race,2
concessions,2
19th,2
36,2
defeat,2
makes,2
honor,2
kiryat,2
ministers,2
anywhere,2
control,2
reserves,2
holds,2
unchecked,2
2010,2
mandate,2
profound,2
supports,2
south,2
reached,2
zarif,2
interests,2
exactly,2
gays,2
expires,2
deny,2
agreed,2
democrats,2
soldiers,2
fear,2
familiar,2
gobbling,2
joint,2
suez,2
generations,2
destiny,2
nightmare,2
ends,2
george,2
david,2
freely,2
sufficient,2
present,2
center,2
english,2
rocket,2
point,2
realize,2
wet,2
resolved,2
press,2
immediately,2
necessary,2
certain,2
export,2
empire,2
recognition,2
literally,2
medieval,2
pressure,2
getting,2
creativity,2
trigger,2
made,2
wish,2
signed,2
placed,2
supreme,2
horrific,2
percent,2
commitments,2
republicans,2
chance,2
rule,2
ideological,2
gadhafi,1
protest,1
katyusha,1
consists,1
forget,1
weapons-grade,1
tremors,1
seriously,1
sinew,1
voted,1
tenacity,1
wreath,1
risk,1
void,1
prize,1
deadline,1
elections,1
street,1
saddams,1
established,1
settlement,1
hate,1
tirelessly,1
toll,1
resilient,1
kicked,1
met,1
protection,1
kids,1
forum,1
leaves,1
changed,1
controversy,1
secure,1
haman,1
guests,1
obligation,1
spoke,1
therefore,1
distortions,1
strike,1
assessment,1
pacta,1
warm,1
hold,1
pursue,1
era,1
carmel,1
unshackled,1
unreconstructed,1
knesset,1
india,1
keep,1
advancing,1
recovery,1
agony,1
adventurism,1
charging,1
gamble,1
abstraction,1
wrong,1
lay,1
uproot,1
meaningful,1
amid,1
childhood,1
maintain,1
precepts,1
keeps,1
exhorted,1
senators,1
office,1
executes,1
thesis,1
damascus,1
matured,1
differently,1
thrones,1
enrich,1
intimidation,1
break,1
represents,1
slavery,1
herald,1
prerequisite,1
loyalties,1
afforded,1
directly,1
ever-lasting,1
taught,1
hanged,1
afield,1
dawn,1
truman,1
misfortune,1
gon,1
network,1
mccarthy,1
content,1
laid,1
foundation,1
turning,1
resume,1
veto,1
cornerstone,1
aisle,1
refugee,1
12000,1
incorporated,1
loud,1
fantasy,1
spinning,1
neighborhood,1
centrifuge,1
service,1
heights,1
nation-,1
bitter,1
militancy,1
listen,1
solemnly,1
collapse,1
grandchildren,1
rejected,1
wisdom,1
episodic,1
immigrants,1
scenes,1
flame,1
wiesel,1
e-businesses,1
fashion,1
wealth,1
mine,1
spent,1
well-,1
talking,1
seem,1
alive,1
genuine,1
samaria,1
scriptures,1
isolated,1
subjects,1
hatch,1
nobody,1
mouth,1
long-,1
morality,1
neighborhoods,1
impels,1
partition,1
steeled,1
principle,1
enterprise,1
came,1
sanctuary,1
queen,1
asia,1
lessons,1
judges,1
busy,1
skirmishes,1
implementation,1
explain,1
pacification,1
touched,1
predecessor,1
wide,1
conduct,1
goons,1
churches,1
qaida,1
rival,1
adherence,1
secretary,1
attest,1
blew,1
depends,1
decided,1
ferocious,1
torching,1
mitch,1
ambitions,1
lots,1
cooperation,1
tolerance,1
warrior,1
accord,1
terms,1
nature,1
devour,1
dedication,1
debt,1
peacefully,1
tons,1
written,1
initiative,1
administrations,1
trust,1
gratitude,1
asks,1
basis,1
union,1
confident,1
entered,1
dozens,1
dismiss,1
applied,1
save,1
near,1
chilling,1
seven,1
preeminent,1
defeated,1
ii,1
trusted,1
grown,1
overstated,1
confirmed,1
things,1
sovereignties,1
spews,1
grows,1
european,1
saddam,1
normalization,1
fulfillment,1
vice-president,1
options,1
camps,1
whimsical,1
boyhood,1
traditions,1
proposed,1
yes,1
previous,1
passive,1
spread,1
board,1
pivotal,1
humanity,1
possible,1
apart,1
poses,1
occurring,1
specific,1
night,1
crown,1
bottom,1
everything,1
denied,1
confrontation,1
transcends,1
acquire,1
automatically,1
facility,1
prisoners,1
forcefully,1
respectable,1
proxies,1
sovereign,1
width,1
fought,1
accords,1
overhead,1
650000,1
offer,1
attempted,1
becoming,1
removes,1
removed,1
absent,1
muster,1
ancestral,1
occupiers,1
prayed,1
promises,1
adopt,1
proved,1
request,1
proven,1
evidence,1
prayer,1
eventual,1
na,1
whereas,1
reality,1
geographically,1
republic,1
pseudonym,1
millennial,1
belive,1
militias,1
happening,1
bestowed,1
serious,1
restored,1
maiming,1
leads,1
theaters,1
superpower,1
hijacked,1
certainly,1
providence,1
1947,1
countdown,1
nasrallah,1
division,1
sponsors,1
trouble,1
exact,1
minute,1
annihilated,1
nuclearized,1
level,1
tear,1
turns,1
brother,1
subway,1
well-beyond,1
guy,1
tougher,1
reaffirmed,1
targets,1
substitute,1
educate,1
constitution,1
current,1
long-standing,1
unrestricted,1
badge,1
drafted,1
muslim,1
persecutes,1
water,1
purim,1
twentieth,1
rabin,1
address,1
boy,1
yemen,1
incoming,1
battling,1
studied,1
usually,1
plotted,1
forefront,1
everybody,1
toppled,1
working,1
visit,1
france,1
territories,1
opposed,1
syrians,1
sharing,1
kerry,1
beholden,1
behalf,1
fly,1
organizations,1
slogan,1
sphere,1
believes,1
values,1
growing,1
making,1
arrive,1
months,1
viceroy,1
locks,1
council,1
provoke,1
parliamentary,1
oslo,1
bonds,1
product,1
huge,1
broad,1
sacrifice,1
existential,1
averted,1
needs,1
cease,1
belgians,1
flourish,1
man,1
pre-requisite,1
block,1
hassan,1
embassies,1
redivide,1
indeed,1
seizing,1
group,1
internationally,1
acknowledge,1
racecar,1
inflicted,1
aviv,1
offers,1
endless,1
happened,1
shatter,1
maintaining,1
possess,1
term,1
name,1
corners,1
quarter,1
christian,1
populated,1
peacekeepers,1
challenges,1
assumption,1
tried,1
living,1
container,1
abide,1
looking,1
boundless,1
miles,1
imperative,1
internet,1
inevitably,1
siege,1
besides,1
judea,1
advance,1
collapsing,1
british,1
honest,1
entrusted,1
organize,1
hangs,1
reveals,1
specifically,1
suspended,1
carry,1
impossible,1
fraction,1
fooled,1
cartels,1
unfortunately,1
exacted,1
dialogue,1
knives,1
marines,1
remained,1
pro,1
turned,1
argument,1
rampaging,1
foiled,1
kevin,1
isolate,1
ideas,1
note,1
golan,1
ultimate,1
urge,1
sure,1
paid,1
forever,1
surprising,1
abraham,1
precise,1
perpetrated,1
reinvigorate,1
disunity,1
corner,1
boundaries,1
subjugates,1
outside,1
equipped,1
re-division,1
hostage,1
baghdad,1
humbled,1
trade,1
barbaric,1
stupid,1
predicted,1
moammar,1
anchored,1
shimon,1
concern,1
steadfast,1
sites,1
moslems,1
reading,1
presage,1
hizbullah,1
notice,1
legitimacy,1
densely,1
nationality,1
spark,1
installation,1
talented,1
according,1
enabling,1
expression,1
comes,1
effective,1
radicalized,1
west,1
almighty,1
dangers,1
far-reach,1
direction,1
shopping,1
offered,1
observers,1
acquiring,1
pilot,1
peres,1
disconnected,1
tinderbox,1
tribal,1
cash,1
perpetuate,1
determination,1
technology,1
ship,1
develop,1
heirs,1
followers,1
struggling,1
events,1
noble,1
barbed,1
driver,1
driven,1
gingrich,1
relies,1
accountable,1
allow,1
19000,1
gates,1
rest,1
captured,1
legitimately,1
rose,1
except,1
instrument,1
verse,1
ruler,1
accepted,1
dare,1
fortune,1
malignancy,1
miraculous,1
served,1
2500,1
exposed,1
conditional,1
privatization,1
lackeys,1
intact,1
booming,1
provided,1
slaughtering,1
nazi,1
legal,1
despotic,1
critical,1
subjugation,1
refer,1
business,1
seconds,1
voracious,1
trials,1
despicable,1
utter,1
pluralism,1
inherent,1
bazaar,1
island,1
ideology,1
muslims,1
supervised,1
neighbor,1
lands,1
image,1
parties,1
elementary,1
watchdog,1
goliath,1
area,1
removing,1
totalitarian,1
stark,1
start,1
worshippers,1
decisive,1
farcical,1
fanatic,1
smuggling,1
longer,1
rush,1
annihilate,1
suitcase,1
grasp,1
powerless,1
natanz,1
ah,1
moved,1
al,1
governed,1
ever-vigilant,1
moves,1
inspections,1
orrin,1
snuffed,1
attaining,1
thousand,1
gaining,1
arab-israeli,1
separate,1
shelter,1
podium,1
included,1
pelosi,1
al-qaeda,1
assets,1
odds,1
resolution,1
original,1
consider,1
founder,1
lack,1
sunt,1
founded,1
code,1
upholds,1
talks,1
shattered,1
encourage,1
enjoying,1
pledges,1
activities,1
sitting,1
rambunctious,1
worst,1
parliaments,1
dictatorship,1
khomeini,1
joined,1
saudi,1
20th,1
firefight,1
tel,1
tem,1
past,1
perspective,1
pass,1
investment,1
brief,1
version,1
racing,1
movement,1
revealing,1
full,1
operating,1
tragedy,1
search,1
bible,1
ahead,1
youvice,1
inspired,1
untiring,1
brutal,1
inspires,1
brightest,1
sticking,1
family,1
takes,1
praised,1
despotisms,1
undivided,1
markets,1
domination,1
uprooted,1
suffered,1
debates,1
hour,1
nine,1
40-pound,1
nationhood,1
biden,1
attain,1
arise,1
condemn,1
siren,1
rather,1
acts,1
buenos,1
reject,1
speedy,1
plans,1
charms,1
derived,1
reflect,1
roadblocks,1
blood,1
derives,1
burns,1
overnight,1
groundless,1
tentacles,1
help,1
heartfelt,1
mission,1
held,1
existence,1
eluded,1
deputy-mayor,1
20,1
deeds,1
late,1
absence,1
speech,1
ally,1
someone,1
somebody,1
number,1
exiles,1
fanatics,1
autocracy,1
occasions,1
ashes,1
found,1
characterized,1
referred,1
heavy,1
everyone,1
generation,1
expect,1
undertake,1
dominates,1
democracy-free,1
robert,1
safety,1
salute,1
extraordinary,1
reason,1
benefits,1
tenets,1
reinforced,1
rooted,1
feel,1
feet,1
yitzhak,1
embraced,1
totalitarianism,1
fearing,1
hallowed,1
4000-year-old,1
heads,1
guest,1
arlington,1
wonderful,1
gibraltar,1
crisscrossed,1
norms,1
non-democratic,1
iranian,1
aims,1
annihilation,1
marriage,1
supposed,1
riddance,1
toward,1
treated,1
declare,1
amass,1
mind,1
ages,1
vitally,1
vulnerable,1
paths,1
built,1
port,1
towards,1
unravels,1
undertaken,1
extremely,1
sometimes,1
giving,1
succor,1
clean,1
scattered,1
choke-point,1
stoned,1
newest,1
endlessly,1
writer,1
failed,1
pretty,1
bend,1
banned,1
competing,1
sacrificed,1
interim,1
kill,1
unfettered,1
river,1
sanaa,1
restaurants,1
set,1
prague,1
sea,1
close,1
feared,1
threats,1
movie,1
won,1
tunis,1
europe,1
recently,1
creating,1
aircraft,1
evaporated,1
sensitive,1
became,1
bond,1
sadat,1
reside,1
groups,1
supply,1
simple,1
acted,1
mcconnell,1
startling,1
suburbs,1
momentous,1
threaten,1
territory,1
meeting,1
dhahran,1
firm,1
compromises,1
champion,1
fire,1
remark,1
anti-israel,1
solid,1
replaced,1
enriching,1
hoax,1
rulers,1
alliances,1
grant,1
butcher,1
flooded,1
crushed,1
moving,1
purpose,1
lower,1
anybody,1
person,1
five,1
genuinely,1
spend,1
ambassador,1
openly,1
atomic,1
mob,1
cemetery,1
barack,1
governmental,1
win,1
violations,1
march,1
defies,1
responsibly,1
suffering,1
bit,1
defied,1
success,1
confront,1
capitals,1
ignore,1
essential,1
google,1
often,1
spring,1
magnificent,1
urgent,1
countless,1
entitled,1
nuclearization,1
savage,1
gradually,1
decision,1
potentate,1
eliminate,1
epic,1
resolutely,1
refused,1
erected,1
smothered,1
abroad,1
shine,1
faith,1
modernity,1
hinge,1
silence,1
aires,1
conquest,1
primarily,1
defensible,1
lesson,1
next,1
convulsion,1
renewal,1
mountains,1
religion,1
frost,1
khamenei,1
line,1
tripwires,1
growth,1
short-time,1
camp,1
treaty,1
excused,1
becomes,1
assassinate,1
elements,1
beginnings,1
meaning,1
sides,1
delineation,1
overlooking,1
required,1
youtube,1
walked,1
2003,1
depth,1
2006,1
2005,1
israel's,1
pervert,1
broaden,1
broader,1
go,1
one-half,1
uphold,1
anti-semitism,1
include,1
murderous,1
interceptors,1
continues,1
telling,1
assad,1
isaiah,1
excruciating,1
try,1
carter,1
initiate,1
auspices,1
reconciliation,1
plays,1
access,1
ammunition,1
nazis,1
proliferation,1
touches,1
fifteen,1
engage,1
indivisible,1
survivor,1
guarantor,1
30,1
contradiction,1
leaving,1
named,1
addresses,1
addressed,1
apply,1
resolutions,1
tools,1
confidence,1
freedoms,1
remains,1
nobel,1
doubt,1
forefathers,1
indefensible,1
journalists,1
undeclared,1
occurred,1
opposing,1
unforgiving,1
circle,1
servanta,1
fulfill,1
withdrew,1
proof,1
effectively,1
sought,1
bolstered,1
jails,1
delay,1
forest,1
instead,1
establishment,1
perceive,1
bluff,1
anti-democratic,1
assassin,1
chasing,1
chief,1
nancy,1
secured,1
ignite,1
altogether,1
looks,1
nostalgia,1
willing,1
horror,1
holiday,1
2011,1
2013,1
violating,1
later,1
descendants,1
material,1
insisting,1
hide-and-cheat,1
warned,1
accompanied,1
shaking,1
experienced,1
differ,1
littered,1
undemocratic,1
islamist,1
remiss,1
venom,1
red,1
shut,1
umbrella,1
surely,1
york,1
obliteration,1
allies,1
youmr,1
4th,1
assumed,1
barriers,1
retain,1
hussein,1
approaching,1
congo,1
fanatacisms,1
legislative,1
paves,1
unequivocal,1
attack,1
painful,1
doomed,1
loved,1
claim,1
qom,1
visited,1
providing,1
distinguished,1
bet,1
horrors,1
yearned,1
viewed,1
unbearable,1
4000,1
agency,1
demolished,1
worldwide,1
amity,1
unless,1
clash,1
intentions,1
demise,1
munificent,1
gallery,1
gather,1
stronger,1
looked,1
inexorably,1
brutalizes,1
syrian-based,1
exercise,1
communism,1
6000,1
clutching,1
winner,1
smallest,1
satan,1
fuel,1
meant,1
beat,1
likely,1
ones,1
taxes,1
calling,1
reid,1
grab,1
temporarily,1
catastrophic,1
coils,1
wire,1
record,1
illusory,1
rolled,1
progress,1
shiite,1
opening,1
importance,1
thatunites,1
deliver,1
agencies,1
job,1
police,1
optional,1
pilgrims,1
figured,1
limits,1
minds,1
agree,1
admit,1
passing,1
fayyad,1
strongly,1
diplomats,1
wall,1
walk,1
subscribe,1
laugh,1
erased,1
rhode,1
proposal,1
curtail,1
essentially,1
ensuring,1
kicks,1
houthis,1
dynamism,1
over-dramatization,1
malls,1
perhaps,1
tripoli,1
member,1
unity,1
parts,1
gets,1
absorb,1
upon,1
spew,1
infinite,1
identity,1
thought,1
position,1
soviet,1
latest,1
unbridled,1
moments,1
cries,1
mistakes,1
distant,1
protecting,1
glue,1
happiness,1
wed,1
terrorized,1
demographic,1
capabilities,1
protesters,1
cedar,1
fledgling,1
cloistering,1
khyber,1
lose,1
refugees,1
repeat,1
proper,1
happens,1
delaware,1
breakout,1
blowing,1
expansion,1
expire,1
hiding,1
carried,1
spilled,1
carrier,1
evoke,1
alliance,1
owe,1
challenged,1
1989,1
intention,1
bus,1
miraculously,1
gain,1
courts,1
breakthrough,1
wise,1
demilitarized,1
cruel,1
convince,1
plutonium,1
unfolding,1
universal,1
afro-american,1
effected,1
diplomat,1
deadly,1
lately,1
book,1
long-time,1
dictatorships,1
star,1
june,1
ingathering,1
weaponry,1
deter,1
mastermind,1
curbed,1
indirectly,1
